n,asset_id,original_filename,local_filename,pages,roles,source_url,rights_flag,download_status
1,1781311265119-157C4WQPYBJUH7PN8TJ7,Screenshot 2026-01-15 at 19.54.04.png,001__1781311265119-157C4WQPYBJUH7PN8TJ7__Screenshot_2026-01-15_at_19.54.04.png,(global),logo-header,https://images.squarespace-cdn.com/content/v1/6a2ca70a5f4ef31a099c9b40/1781311265119-157C4WQPYBJUH7PN8TJ7/Screenshot+2026-01-15+at+19.54.04.png,"Screenshot upload — check source, quality and rights",NOT DOWNLOADED — CDN host blocked by session network policy; run assets/download_assets.sh
2,1781311265806-WPK0HRB2SQ6HB47RUFY8,Screenshot 2026-01-15 at 19.54.04.png,002__1781311265806-WPK0HRB2SQ6HB47RUFY8__Screenshot_2026-01-15_at_19.54.04.png,(global),logo-header-variant,https://images.squarespace-cdn.com/content/v1/6a2ca70a5f4ef31a099c9b40/1781311265806-WPK0HRB2SQ6HB47RUFY8/Screenshot+2026-01-15+at+19.54.04.png,"Screenshot upload — check source, quality and rights",NOT DOWNLOADED — CDN host blocked by session network policy; run assets/download_assets.sh
3,c12883f1-cb6c-43d0-b47b-e7943706eb7f,Screenshot 2026-01-15 at 19.54.04.png,003__c12883f1-cb6c-43d0-b47b-e7943706eb7f__Screenshot_2026-01-15_at_19.54.04.png,(global),logo-footer (served from a DIFFERENT Squarespace site id 696944e5...),https://images.squarespace-cdn.com/content/v1/696944e519264306716a67e5/c12883f1-cb6c-43d0-b47b-e7943706eb7f/Screenshot+2026-01-15+at+19.54.04.png,"Screenshot upload — check source, quality and rights",NOT DOWNLOADED — CDN host blocked by session network policy; run assets/download_assets.sh
4,1781311267277-PB6WI45YE8V1VI68XIEY,favicon.ico,004__1781311267277-PB6WI45YE8V1VI68XIEY__favicon.ico,(global),favicon,https://images.squarespace-cdn.com/content/v1/6a2ca70a5f4ef31a099c9b40/1781311267277-PB6WI45YE8V1VI68XIEY/favicon.ico,Presumed NOYA-owned / supplied — confirm,NOT DOWNLOADED — CDN host blocked by session network policy; run assets/download_assets.sh
5,1744398030158,Beyond Luxury.-2 2.jpg,005__1744398030158__Beyond_Luxury.-2_2.jpg,(global),og-share-image (all pages),https://static1.squarespace.com/static/6a2ca70a5f4ef31a099c9b40/t/6a2ca7225f4ef31a099ca014/1744398030158/Beyond+Luxury.-2+2.jpg,Presumed NOYA-owned / supplied — confirm,NOT DOWNLOADED — CDN host blocked by session network policy; run assets/download_assets.sh
6,1781311257872-JW0NIO3W7UL0DJAZV29A,Edge-7.jpg,006__1781311257872-JW0NIO3W7UL0DJAZV29A__Edge-7.jpg,/ | /hotels-villas-and-residences,hero | hero (same as homepage hero),https://images.squarespace-cdn.com/content/v1/6a2ca70a5f4ef31a099c9b40/1781311257872-JW0NIO3W7UL0DJAZV29A/Edge-7.jpg,Presumed NOYA-owned / supplied — confirm,NOT DOWNLOADED — CDN host blocked by session network policy; run assets/download_assets.sh
7,1781311258030-J8K0RKUGC824UKODUPRN,96.jpg,007__1781311258030-J8K0RKUGC824UKODUPRN__96.jpg,/ | /hotels-villas-and-residences,card: Bespoke Travel (alt: Aerial view of a Mediterranean coastline) | Mykonos feature,https://images.squarespace-cdn.com/content/v1/6a2ca70a5f4ef31a099c9b40/1781311258030-J8K0RKUGC824UKODUPRN/96.jpg,Presumed NOYA-owned / supplied — confirm,NOT DOWNLOADED — CDN host blocked by session network policy; run assets/download_assets.sh
8,1781311253533-GRBELB3R0OLI41D6IC6V,Screenshot 2024-09-18 at 02.59.18.png,008__1781311253533-GRBELB3R0OLI41D6IC6V__Screenshot_2024-09-18_at_02.59.18.png,/,card: Lifestyle Services,https://images.squarespace-cdn.com/content/v1/6a2ca70a5f4ef31a099c9b40/1781311253533-GRBELB3R0OLI41D6IC6V/Screenshot+2024-09-18+at+02.59.18.png,"Screenshot upload — check source, quality and rights",NOT DOWNLOADED — CDN host blocked by session network policy; run assets/download_assets.sh
9,1781311253539-MSAUWZ1BHK01R3QQ3U2U,67.jpg,009__1781311253539-MSAUWZ1BHK01R3QQ3U2U__67.jpg,/,"card: Hotels, Villas & Residences",https://images.squarespace-cdn.com/content/v1/6a2ca70a5f4ef31a099c9b40/1781311253539-MSAUWZ1BHK01R3QQ3U2U/67.jpg,Presumed NOYA-owned / supplied — confirm,NOT DOWNLOADED — CDN host blocked by session network policy; run assets/download_assets.sh
10,7b34cb8c-d659-4b19-8e5e-1ed4b9c64ff2,IMG_4968.jpg,010__7b34cb8c-d659-4b19-8e5e-1ed4b9c64ff2__IMG_4968.jpg,/ | /what-we-do,card: Yacht Charter + card: Exclusive Access (same image used twice; alt: Superyacht moored at a marina) | card: Yacht Charter and Private Aviation,https://images.squarespace-cdn.com/content/v1/6a2ca70a5f4ef31a099c9b40/7b34cb8c-d659-4b19-8e5e-1ed4b9c64ff2/IMG_4968.jpg,Presumed NOYA-owned / supplied — confirm,NOT DOWNLOADED — CDN host blocked by session network policy; run assets/download_assets.sh
11,1781311253557-2L9903LEJ421I0G2XM94,Fly web.jpg,011__1781311253557-2L9903LEJ421I0G2XM94__Fly_web.jpg,/,banner: First & Business Class,https://images.squarespace-cdn.com/content/v1/6a2ca70a5f4ef31a099c9b40/1781311253557-2L9903LEJ421I0G2XM94/Fly+web.jpg,Presumed NOYA-owned / supplied — confirm,NOT DOWNLOADED — CDN host blocked by session network policy; run assets/download_assets.sh
12,1781311253562-XAYX1LJWVPGZTV2C0SPE,About us page.jpg,012__1781311253562-XAYX1LJWVPGZTV2C0SPE__About_us_page.jpg,/,card: Corporate Concierge,https://images.squarespace-cdn.com/content/v1/6a2ca70a5f4ef31a099c9b40/1781311253562-XAYX1LJWVPGZTV2C0SPE/About+us+page.jpg,Presumed NOYA-owned / supplied — confirm,NOT DOWNLOADED — CDN host blocked by session network policy; run assets/download_assets.sh
13,1781311253567-3ZHST7176QAG0KZJ5V16,Edge-93.jpg,013__1781311253567-3ZHST7176QAG0KZJ5V16__Edge-93.jpg,/,card: Private Events,https://images.squarespace-cdn.com/content/v1/6a2ca70a5f4ef31a099c9b40/1781311253567-3ZHST7176QAG0KZJ5V16/Edge-93.jpg,Presumed NOYA-owned / supplied — confirm,NOT DOWNLOADED — CDN host blocked by session network policy; run assets/download_assets.sh
14,1781311253573-Q1SNMP4SP7A6SSZKEF3K,0-1.jpg.webp,014__1781311253573-Q1SNMP4SP7A6SSZKEF3K__0-1.jpg.webp,/,card: Brand Events and Experiences,https://images.squarespace-cdn.com/content/v1/6a2ca70a5f4ef31a099c9b40/1781311253573-Q1SNMP4SP7A6SSZKEF3K/0-1.jpg.webp,Presumed NOYA-owned / supplied — confirm,NOT DOWNLOADED — CDN host blocked by session network policy; run assets/download_assets.sh
15,1781311253582-ICZ949FZYWWTHLGP2A6G,Screenshot 2024-09-18 at 02.51.48.png,015__1781311253582-ICZ949FZYWWTHLGP2A6G__Screenshot_2024-09-18_at_02.51.48.png,/,Follow us grid 1,https://images.squarespace-cdn.com/content/v1/6a2ca70a5f4ef31a099c9b40/1781311253582-ICZ949FZYWWTHLGP2A6G/Screenshot+2024-09-18+at+02.51.48.png,"Screenshot upload — check source, quality and rights",NOT DOWNLOADED — CDN host blocked by session network policy; run assets/download_assets.sh
16,1781311253587-5EWVHGY77VJGEB13RLB3,Screenshot 2024-09-04 at 17.34.53.jpg,016__1781311253587-5EWVHGY77VJGEB13RLB3__Screenshot_2024-09-04_at_17.34.53.jpg,/,Follow us grid 2,https://images.squarespace-cdn.com/content/v1/6a2ca70a5f4ef31a099c9b40/1781311253587-5EWVHGY77VJGEB13RLB3/Screenshot+2024-09-04+at+17.34.53.jpg,"Screenshot upload — check source, quality and rights",NOT DOWNLOADED — CDN host blocked by session network policy; run assets/download_assets.sh
17,1781311253593-53HJG8AQTHFDY4GKPXUR,Screenshot 2024-10-02 at 06.46.47.png,017__1781311253593-53HJG8AQTHFDY4GKPXUR__Screenshot_2024-10-02_at_06.46.47.png,/,Follow us grid 3,https://images.squarespace-cdn.com/content/v1/6a2ca70a5f4ef31a099c9b40/1781311253593-53HJG8AQTHFDY4GKPXUR/Screenshot+2024-10-02+at+06.46.47.png,"Screenshot upload — check source, quality and rights",NOT DOWNLOADED — CDN host blocked by session network policy; run assets/download_assets.sh
18,1781311253599-BUCC93D2MQ4DVZKA6PD7,Screenshot 2024-09-18 at 02.51.08.png,018__1781311253599-BUCC93D2MQ4DVZKA6PD7__Screenshot_2024-09-18_at_02.51.08.png,/,Follow us grid 4,https://images.squarespace-cdn.com/content/v1/6a2ca70a5f4ef31a099c9b40/1781311253599-BUCC93D2MQ4DVZKA6PD7/Screenshot+2024-09-18+at+02.51.08.png,"Screenshot upload — check source, quality and rights",NOT DOWNLOADED — CDN host blocked by session network policy; run assets/download_assets.sh
19,1781311253552-E7VQWCAUWR2H04DPYSJW,78.jpg,019__1781311253552-E7VQWCAUWR2H04DPYSJW__78.jpg,/,"sitemap-only (listed in sitemap for /home, not rendered)",https://images.squarespace-cdn.com/content/v1/6a2ca70a5f4ef31a099c9b40/1781311253552-E7VQWCAUWR2H04DPYSJW/78.jpg,Presumed NOYA-owned / supplied — confirm,NOT DOWNLOADED — CDN host blocked by session network policy; run assets/download_assets.sh
20,1790533186665-4TX0S5YVWE5XYVLYLTL1,unsplash-image-JdQPgyry4ws.jpg,020__1790533186665-4TX0S5YVWE5XYVLYLTL1__unsplash-image-JdQPgyry4ws.jpg,/what-we-do,hero,https://images.squarespace-cdn.com/content/v1/6a2ca70a5f4ef31a099c9b40/1790533186665-4TX0S5YVWE5XYVLYLTL1/unsplash-image-JdQPgyry4ws.jpg,"Unsplash stock (Unsplash licence — usable, not exclusive)",NOT DOWNLOADED — CDN host blocked by session network policy; run assets/download_assets.sh
21,1781311264157-TXFVCX7CY6PSLEZDWF0D,Screenshot 2026-01-20 at 04.17.48.png,021__1781311264157-TXFVCX7CY6PSLEZDWF0D__Screenshot_2026-01-20_at_04.17.48.png,/what-we-do,card: Bespoke Travel,https://images.squarespace-cdn.com/content/v1/6a2ca70a5f4ef31a099c9b40/1781311264157-TXFVCX7CY6PSLEZDWF0D/Screenshot+2026-01-20+at+04.17.48.png,"Screenshot upload — check source, quality and rights",NOT DOWNLOADED — CDN host blocked by session network policy; run assets/download_assets.sh
22,1781311264162-1IRHX91DUCBYFKMNYWBZ,67.jpg,022__1781311264162-1IRHX91DUCBYFKMNYWBZ__67.jpg,/what-we-do,"card: Hotels, Villas & Residences",https://images.squarespace-cdn.com/content/v1/6a2ca70a5f4ef31a099c9b40/1781311264162-1IRHX91DUCBYFKMNYWBZ/67.jpg,Presumed NOYA-owned / supplied — confirm,NOT DOWNLOADED — CDN host blocked by session network policy; run assets/download_assets.sh
23,1781311264167-CJ1UD65CDJ1IE22GNCT5,Screenshot 2024-09-18 at 02.59.18.png,023__1781311264167-CJ1UD65CDJ1IE22GNCT5__Screenshot_2024-09-18_at_02.59.18.png,/what-we-do,card: Lifestyle services,https://images.squarespace-cdn.com/content/v1/6a2ca70a5f4ef31a099c9b40/1781311264167-CJ1UD65CDJ1IE22GNCT5/Screenshot+2024-09-18+at+02.59.18.png,"Screenshot upload — check source, quality and rights",NOT DOWNLOADED — CDN host blocked by session network policy; run assets/download_assets.sh
24,1781311264173-0N1JC0ZYMA70CFT1LQZZ,IMG_2641.png,024__1781311264173-0N1JC0ZYMA70CFT1LQZZ__IMG_2641.png,/what-we-do,card: Exclusive Access (alt: Exclusive access arranged by NOYA Concierge),https://images.squarespace-cdn.com/content/v1/6a2ca70a5f4ef31a099c9b40/1781311264173-0N1JC0ZYMA70CFT1LQZZ/IMG_2641.png,Presumed NOYA-owned / supplied — confirm,NOT DOWNLOADED — CDN host blocked by session network policy; run assets/download_assets.sh
25,1781311264181-SDOTLDGX3X36VHU5YRJ1,78.jpg,025__1781311264181-SDOTLDGX3X36VHU5YRJ1__78.jpg,/what-we-do,card: Real estate,https://images.squarespace-cdn.com/content/v1/6a2ca70a5f4ef31a099c9b40/1781311264181-SDOTLDGX3X36VHU5YRJ1/78.jpg,Presumed NOYA-owned / supplied — confirm,NOT DOWNLOADED — CDN host blocked by session network policy; run assets/download_assets.sh
26,1781311249964-80PDMTSW07BFXVP5BT5Y,Screenshot 2024-09-18 at 02.51.48.png,026__1781311249964-80PDMTSW07BFXVP5BT5Y__Screenshot_2024-09-18_at_02.51.48.png,/bespoke-travel,hero,https://images.squarespace-cdn.com/content/v1/6a2ca70a5f4ef31a099c9b40/1781311249964-80PDMTSW07BFXVP5BT5Y/Screenshot+2024-09-18+at+02.51.48.png,"Screenshot upload — check source, quality and rights",NOT DOWNLOADED — CDN host blocked by session network policy; run assets/download_assets.sh
27,1781311249974-HNYHYWCIT795HXXSPFAG,12.png,027__1781311249974-HNYHYWCIT795HXXSPFAG__12.png,/bespoke-travel,card: Tailor-Made Itineraries,https://images.squarespace-cdn.com/content/v1/6a2ca70a5f4ef31a099c9b40/1781311249974-HNYHYWCIT795HXXSPFAG/12.png,Presumed NOYA-owned / supplied — confirm,NOT DOWNLOADED — CDN host blocked by session network policy; run assets/download_assets.sh
28,1781311249980-Q5PY9A542XZMBKC8DMNR,Screenshot 2024-09-18 at 02.59.18.png,028__1781311249980-Q5PY9A542XZMBKC8DMNR__Screenshot_2024-09-18_at_02.59.18.png,/bespoke-travel,card: Seamless Travel Logistics,https://images.squarespace-cdn.com/content/v1/6a2ca70a5f4ef31a099c9b40/1781311249980-Q5PY9A542XZMBKC8DMNR/Screenshot+2024-09-18+at+02.59.18.png,"Screenshot upload — check source, quality and rights",NOT DOWNLOADED — CDN host blocked by session network policy; run assets/download_assets.sh
29,1781311249986-30USA66P378IV8A0ZAL3,1.png,029__1781311249986-30USA66P378IV8A0ZAL3__1.png,/bespoke-travel,card: Destination Expertise,https://images.squarespace-cdn.com/content/v1/6a2ca70a5f4ef31a099c9b40/1781311249986-30USA66P378IV8A0ZAL3/1.png,Presumed NOYA-owned / supplied — confirm,NOT DOWNLOADED — CDN host blocked by session network policy; run assets/download_assets.sh
30,1781311249991-T2DR2P77V7G7R9CL4TIB,Fly web.jpg,030__1781311249991-T2DR2P77V7G7R9CL4TIB__Fly_web.jpg,/bespoke-travel,banner: First & Business Class,https://images.squarespace-cdn.com/content/v1/6a2ca70a5f4ef31a099c9b40/1781311249991-T2DR2P77V7G7R9CL4TIB/Fly+web.jpg,Presumed NOYA-owned / supplied — confirm,NOT DOWNLOADED — CDN host blocked by session network policy; run assets/download_assets.sh
31,1781311249997-L86ODU1GNWKX5V2C8PUD,IMG_0346.jpg,031__1781311249997-L86ODU1GNWKX5V2C8PUD__IMG_0346.jpg,/bespoke-travel,El Gouna 1,https://images.squarespace-cdn.com/content/v1/6a2ca70a5f4ef31a099c9b40/1781311249997-L86ODU1GNWKX5V2C8PUD/IMG_0346.jpg,Presumed NOYA-owned / supplied — confirm,NOT DOWNLOADED — CDN host blocked by session network policy; run assets/download_assets.sh
32,1781311250003-B9M3HPDIB1OWLF1QFHQT,Screenshot 2026-01-20 at 04.17.48.png,032__1781311250003-B9M3HPDIB1OWLF1QFHQT__Screenshot_2026-01-20_at_04.17.48.png,/bespoke-travel,El Gouna 2,https://images.squarespace-cdn.com/content/v1/6a2ca70a5f4ef31a099c9b40/1781311250003-B9M3HPDIB1OWLF1QFHQT/Screenshot+2026-01-20+at+04.17.48.png,"Screenshot upload — check source, quality and rights",NOT DOWNLOADED — CDN host blocked by session network policy; run assets/download_assets.sh
33,1781311250008-JP9EJCE45O1Q3DOZSVKI,IMG_0757.jpg,033__1781311250008-JP9EJCE45O1Q3DOZSVKI__IMG_0757.jpg,/bespoke-travel,El Gouna 3,https://images.squarespace-cdn.com/content/v1/6a2ca70a5f4ef31a099c9b40/1781311250008-JP9EJCE45O1Q3DOZSVKI/IMG_0757.jpg,Presumed NOYA-owned / supplied — confirm,NOT DOWNLOADED — CDN host blocked by session network policy; run assets/download_assets.sh
34,1781311250013-GIJMS5VZ3UFUSXZYVB11,23.jpg,034__1781311250013-GIJMS5VZ3UFUSXZYVB11__23.jpg,/bespoke-travel,Alps 1,https://images.squarespace-cdn.com/content/v1/6a2ca70a5f4ef31a099c9b40/1781311250013-GIJMS5VZ3UFUSXZYVB11/23.jpg,Presumed NOYA-owned / supplied — confirm,NOT DOWNLOADED — CDN host blocked by session network policy; run assets/download_assets.sh
35,1781311250020-GXKYSLLGMBN2QRROAZYR,26.jpg,035__1781311250020-GXKYSLLGMBN2QRROAZYR__26.jpg,/bespoke-travel,Alps 2,https://images.squarespace-cdn.com/content/v1/6a2ca70a5f4ef31a099c9b40/1781311250020-GXKYSLLGMBN2QRROAZYR/26.jpg,Presumed NOYA-owned / supplied — confirm,NOT DOWNLOADED — CDN host blocked by session network policy; run assets/download_assets.sh
36,1781311250026-BH0RGO70MUO5PPPPBNRN,7.jpg,036__1781311250026-BH0RGO70MUO5PPPPBNRN__7.jpg,/bespoke-travel,Alps 3,https://images.squarespace-cdn.com/content/v1/6a2ca70a5f4ef31a099c9b40/1781311250026-BH0RGO70MUO5PPPPBNRN/7.jpg,Presumed NOYA-owned / supplied — confirm,NOT DOWNLOADED — CDN host blocked by session network policy; run assets/download_assets.sh
37,1781311250033-7H6QW30FTRJN2HC8M1TQ,Temple post.jpg,037__1781311250033-7H6QW30FTRJN2HC8M1TQ__Temple_post.jpg,/bespoke-travel,Luxor & Aswan 1,https://images.squarespace-cdn.com/content/v1/6a2ca70a5f4ef31a099c9b40/1781311250033-7H6QW30FTRJN2HC8M1TQ/Temple+post.jpg,Presumed NOYA-owned / supplied — confirm,NOT DOWNLOADED — CDN host blocked by session network policy; run assets/download_assets.sh
38,1781311250039-IBSGR9T4MGR24OK7OABM,5971bf58a4e98100785641.jpg,038__1781311250039-IBSGR9T4MGR24OK7OABM__5971bf58a4e98100785641.jpg,/bespoke-travel,Luxor & Aswan 2,https://images.squarespace-cdn.com/content/v1/6a2ca70a5f4ef31a099c9b40/1781311250039-IBSGR9T4MGR24OK7OABM/5971bf58a4e98100785641.jpg,Likely third-party (restaurant/press) imagery — confirm licence,NOT DOWNLOADED — CDN host blocked by session network policy; run assets/download_assets.sh
39,1781311250045-WASJ0FPDMHTZ93DJF9YJ,IMG_2284 4.PNG,039__1781311250045-WASJ0FPDMHTZ93DJF9YJ__IMG_2284_4.PNG,/bespoke-travel,Luxor & Aswan 3,https://images.squarespace-cdn.com/content/v1/6a2ca70a5f4ef31a099c9b40/1781311250045-WASJ0FPDMHTZ93DJF9YJ/IMG_2284+4.PNG,Presumed NOYA-owned / supplied — confirm,NOT DOWNLOADED — CDN host blocked by session network policy; run assets/download_assets.sh
40,1781311257881-30CUEVG2MLHE9RXIPW81,Screenshot 2026-01-20 at 04.17.48.png,040__1781311257881-30CUEVG2MLHE9RXIPW81__Screenshot_2026-01-20_at_04.17.48.png,/hotels-villas-and-residences,card: Luxury Hotels,https://images.squarespace-cdn.com/content/v1/6a2ca70a5f4ef31a099c9b40/1781311257881-30CUEVG2MLHE9RXIPW81/Screenshot+2026-01-20+at+04.17.48.png,"Screenshot upload — check source, quality and rights",NOT DOWNLOADED — CDN host blocked by session network policy; run assets/download_assets.sh
41,1781311257888-Q7976LIRAD4YKX13LVM8,70.jpg,041__1781311257888-Q7976LIRAD4YKX13LVM8__70.jpg,/hotels-villas-and-residences,card: Private Villas,https://images.squarespace-cdn.com/content/v1/6a2ca70a5f4ef31a099c9b40/1781311257888-Q7976LIRAD4YKX13LVM8/70.jpg,Presumed NOYA-owned / supplied — confirm,NOT DOWNLOADED — CDN host blocked by session network policy; run assets/download_assets.sh
42,1781311257894-MC1N1VYLQXD7UBK30QYU,6.jpg,042__1781311257894-MC1N1VYLQXD7UBK30QYU__6.jpg,/hotels-villas-and-residences,card: Exclusive Residences,https://images.squarespace-cdn.com/content/v1/6a2ca70a5f4ef31a099c9b40/1781311257894-MC1N1VYLQXD7UBK30QYU/6.jpg,Presumed NOYA-owned / supplied — confirm,NOT DOWNLOADED — CDN host blocked by session network policy; run assets/download_assets.sh
43,1781311257899-AI1508SSKCT466JDOBR1,Chalet-Le-Namaste-Courchevel-Consensio-Lounge-View.jpg,043__1781311257899-AI1508SSKCT466JDOBR1__Chalet-Le-Namaste-Courchevel-Consensio-Lounge-View.jpg,/hotels-villas-and-residences,Chalet Grenier feature 1,https://images.squarespace-cdn.com/content/v1/6a2ca70a5f4ef31a099c9b40/1781311257899-AI1508SSKCT466JDOBR1/Chalet-Le-Namaste-Courchevel-Consensio-Lounge-View.jpg,Third-party agency imagery (Consensio / 'Chalet Le Namaste') — confirm licence; also name mismatch with 'Chalet Grenier' copy,NOT DOWNLOADED — CDN host blocked by session network policy; run assets/download_assets.sh
44,1781311257904-I5HDP2N02K8YUMPX6QK1,Screenshot 2026-02-23 at 01.39.49.png,044__1781311257904-I5HDP2N02K8YUMPX6QK1__Screenshot_2026-02-23_at_01.39.49.png,/hotels-villas-and-residences,Chalet Grenier feature 2,https://images.squarespace-cdn.com/content/v1/6a2ca70a5f4ef31a099c9b40/1781311257904-I5HDP2N02K8YUMPX6QK1/Screenshot+2026-02-23+at+01.39.49.png,"Screenshot upload — check source, quality and rights",NOT DOWNLOADED — CDN host blocked by session network policy; run assets/download_assets.sh
45,1781311257909-E7WMQOD3YFGKBP4JPMWQ,Chalet-Le-Namaste-Courchevel-Consensio-Lounge.jpg,045__1781311257909-E7WMQOD3YFGKBP4JPMWQ__Chalet-Le-Namaste-Courchevel-Consensio-Lounge.jpg,/hotels-villas-and-residences,Chalet Grenier feature 3,https://images.squarespace-cdn.com/content/v1/6a2ca70a5f4ef31a099c9b40/1781311257909-E7WMQOD3YFGKBP4JPMWQ/Chalet-Le-Namaste-Courchevel-Consensio-Lounge.jpg,Third-party agency imagery (Consensio / 'Chalet Le Namaste') — confirm licence; also name mismatch with 'Chalet Grenier' copy,NOT DOWNLOADED — CDN host blocked by session network policy; run assets/download_assets.sh
46,1781311257915-UU7PNMM9FG7BX7I33KC3,Chalet-Le-Namaste-Courchevel-Consensio-Dining-Room.jpg,046__1781311257915-UU7PNMM9FG7BX7I33KC3__Chalet-Le-Namaste-Courchevel-Consensio-Dining-Room.jpg,/hotels-villas-and-residences,Chalet Grenier gallery,https://images.squarespace-cdn.com/content/v1/6a2ca70a5f4ef31a099c9b40/1781311257915-UU7PNMM9FG7BX7I33KC3/Chalet-Le-Namaste-Courchevel-Consensio-Dining-Room.jpg,Third-party agency imagery (Consensio / 'Chalet Le Namaste') — confirm licence; also name mismatch with 'Chalet Grenier' copy,NOT DOWNLOADED — CDN host blocked by session network policy; run assets/download_assets.sh
47,1781311257921-CSI2C67U746E5RWMVKBS,Chalet-Le-Namaste-Courchevel-Consensio-Lounge-View.jpg,047__1781311257921-CSI2C67U746E5RWMVKBS__Chalet-Le-Namaste-Courchevel-Consensio-Lounge-View.jpg,/hotels-villas-and-residences,Chalet Grenier gallery,https://images.squarespace-cdn.com/content/v1/6a2ca70a5f4ef31a099c9b40/1781311257921-CSI2C67U746E5RWMVKBS/Chalet-Le-Namaste-Courchevel-Consensio-Lounge-View.jpg,Third-party agency imagery (Consensio / 'Chalet Le Namaste') — confirm licence; also name mismatch with 'Chalet Grenier' copy,NOT DOWNLOADED — CDN host blocked by session network policy; run assets/download_assets.sh
48,1781311257926-N7R3VNAKKL5PFDJKLAW2,Chalet-Le-Namaste-Courchevel-Consensio-Terrace-View.jpg,048__1781311257926-N7R3VNAKKL5PFDJKLAW2__Chalet-Le-Namaste-Courchevel-Consensio-Terrace-View.jpg,/hotels-villas-and-residences,Chalet Grenier gallery,https://images.squarespace-cdn.com/content/v1/6a2ca70a5f4ef31a099c9b40/1781311257926-N7R3VNAKKL5PFDJKLAW2/Chalet-Le-Namaste-Courchevel-Consensio-Terrace-View.jpg,Third-party agency imagery (Consensio / 'Chalet Le Namaste') — confirm licence; also name mismatch with 'Chalet Grenier' copy,NOT DOWNLOADED — CDN host blocked by session network policy; run assets/download_assets.sh
49,1781311257931-WQQ2UDW8RWYKDQOX1R6R,Chalet-Le-Namaste-Courchevel-Consensio-Balcony.jpg,049__1781311257931-WQQ2UDW8RWYKDQOX1R6R__Chalet-Le-Namaste-Courchevel-Consensio-Balcony.jpg,/hotels-villas-and-residences,Chalet Grenier gallery,https://images.squarespace-cdn.com/content/v1/6a2ca70a5f4ef31a099c9b40/1781311257931-WQQ2UDW8RWYKDQOX1R6R/Chalet-Le-Namaste-Courchevel-Consensio-Balcony.jpg,Third-party agency imagery (Consensio / 'Chalet Le Namaste') — confirm licence; also name mismatch with 'Chalet Grenier' copy,NOT DOWNLOADED — CDN host blocked by session network policy; run assets/download_assets.sh
50,1781311257936-7RCEA0Y9X8DQQV6F5PF4,Chalet-Le-Namaste-Courchevel-Consensio-Games-room.jpg,050__1781311257936-7RCEA0Y9X8DQQV6F5PF4__Chalet-Le-Namaste-Courchevel-Consensio-Games-room.jpg,/hotels-villas-and-residences,Chalet Grenier gallery,https://images.squarespace-cdn.com/content/v1/6a2ca70a5f4ef31a099c9b40/1781311257936-7RCEA0Y9X8DQQV6F5PF4/Chalet-Le-Namaste-Courchevel-Consensio-Games-room.jpg,Third-party agency imagery (Consensio / 'Chalet Le Namaste') — confirm licence; also name mismatch with 'Chalet Grenier' copy,NOT DOWNLOADED — CDN host blocked by session network policy; run assets/download_assets.sh
51,1781311257942-2WQVCDRU79ZNFDDFWADH,Chalet-Le-Namaste-Courchevel-Consensio-Boot-Room.jpg,051__1781311257942-2WQVCDRU79ZNFDDFWADH__Chalet-Le-Namaste-Courchevel-Consensio-Boot-Room.jpg,/hotels-villas-and-residences,Chalet Grenier gallery,https://images.squarespace-cdn.com/content/v1/6a2ca70a5f4ef31a099c9b40/1781311257942-2WQVCDRU79ZNFDDFWADH/Chalet-Le-Namaste-Courchevel-Consensio-Boot-Room.jpg,Third-party agency imagery (Consensio / 'Chalet Le Namaste') — confirm licence; also name mismatch with 'Chalet Grenier' copy,NOT DOWNLOADED — CDN host blocked by session network policy; run assets/download_assets.sh
52,1781311257947-H8MOU9Q3X5J3G4I26MHX,Chalet-Le-Namaste-Courchevel-Consensio-Sauna.jpg,052__1781311257947-H8MOU9Q3X5J3G4I26MHX__Chalet-Le-Namaste-Courchevel-Consensio-Sauna.jpg,/hotels-villas-and-residences,Chalet Grenier gallery,https://images.squarespace-cdn.com/content/v1/6a2ca70a5f4ef31a099c9b40/1781311257947-H8MOU9Q3X5J3G4I26MHX/Chalet-Le-Namaste-Courchevel-Consensio-Sauna.jpg,Third-party agency imagery (Consensio / 'Chalet Le Namaste') — confirm licence; also name mismatch with 'Chalet Grenier' copy,NOT DOWNLOADED — CDN host blocked by session network policy; run assets/download_assets.sh
53,1781311257953-792VFECG8VIG238OM6WA,Chalet-Le-Namaste-Courchevel-Consensio-Swimming-Pool.jpg,053__1781311257953-792VFECG8VIG238OM6WA__Chalet-Le-Namaste-Courchevel-Consensio-Swimming-Pool.jpg,/hotels-villas-and-residences,Chalet Grenier gallery,https://images.squarespace-cdn.com/content/v1/6a2ca70a5f4ef31a099c9b40/1781311257953-792VFECG8VIG238OM6WA/Chalet-Le-Namaste-Courchevel-Consensio-Swimming-Pool.jpg,Third-party agency imagery (Consensio / 'Chalet Le Namaste') — confirm licence; also name mismatch with 'Chalet Grenier' copy,NOT DOWNLOADED — CDN host blocked by session network policy; run assets/download_assets.sh
54,1781311257958-0WK9B2AJX39W1O1R7A8H,Chalet-Le-Namaste-Courchevel-Consensio-Gym.jpg,054__1781311257958-0WK9B2AJX39W1O1R7A8H__Chalet-Le-Namaste-Courchevel-Consensio-Gym.jpg,/hotels-villas-and-residences,Chalet Grenier gallery,https://images.squarespace-cdn.com/content/v1/6a2ca70a5f4ef31a099c9b40/1781311257958-0WK9B2AJX39W1O1R7A8H/Chalet-Le-Namaste-Courchevel-Consensio-Gym.jpg,Third-party agency imagery (Consensio / 'Chalet Le Namaste') — confirm licence; also name mismatch with 'Chalet Grenier' copy,NOT DOWNLOADED — CDN host blocked by session network policy; run assets/download_assets.sh
55,1781311257964-5EXZ85O6V3DPQ2NQIFXN,Chalet-Le-Namaste-Courchevel-Consensio-Massage-Room.jpg,055__1781311257964-5EXZ85O6V3DPQ2NQIFXN__Chalet-Le-Namaste-Courchevel-Consensio-Massage-Room.jpg,/hotels-villas-and-residences,Chalet Grenier gallery,https://images.squarespace-cdn.com/content/v1/6a2ca70a5f4ef31a099c9b40/1781311257964-5EXZ85O6V3DPQ2NQIFXN/Chalet-Le-Namaste-Courchevel-Consensio-Massage-Room.jpg,Third-party agency imagery (Consensio / 'Chalet Le Namaste') — confirm licence; also name mismatch with 'Chalet Grenier' copy,NOT DOWNLOADED — CDN host blocked by session network policy; run assets/download_assets.sh
56,1781311257970-6E69YVPO9QP4E1WMSB43,Chalet-Le-Namaste-Courchevel-Consensio-Bedroom-1jpg.jpg,056__1781311257970-6E69YVPO9QP4E1WMSB43__Chalet-Le-Namaste-Courchevel-Consensio-Bedroom-1jpg.jpg,/hotels-villas-and-residences,Chalet Grenier gallery,https://images.squarespace-cdn.com/content/v1/6a2ca70a5f4ef31a099c9b40/1781311257970-6E69YVPO9QP4E1WMSB43/Chalet-Le-Namaste-Courchevel-Consensio-Bedroom-1jpg.jpg,Third-party agency imagery (Consensio / 'Chalet Le Namaste') — confirm licence; also name mismatch with 'Chalet Grenier' copy,NOT DOWNLOADED — CDN host blocked by session network policy; run assets/download_assets.sh
57,1781311257974-5YSAZ51MCCX0EJGJAH1N,Chalet-Le-Namaste-Courchevel-Consensio-TV-snug.jpg,057__1781311257974-5YSAZ51MCCX0EJGJAH1N__Chalet-Le-Namaste-Courchevel-Consensio-TV-snug.jpg,/hotels-villas-and-residences,Chalet Grenier gallery,https://images.squarespace-cdn.com/content/v1/6a2ca70a5f4ef31a099c9b40/1781311257974-5YSAZ51MCCX0EJGJAH1N/Chalet-Le-Namaste-Courchevel-Consensio-TV-snug.jpg,Third-party agency imagery (Consensio / 'Chalet Le Namaste') — confirm licence; also name mismatch with 'Chalet Grenier' copy,NOT DOWNLOADED — CDN host blocked by session network policy; run assets/download_assets.sh
58,1781311257980-W73JXWFA4M329EGU00FB,Chalet-Le-Namaste-Courchevel-Consensio-Bathroom-1.jpg,058__1781311257980-W73JXWFA4M329EGU00FB__Chalet-Le-Namaste-Courchevel-Consensio-Bathroom-1.jpg,/hotels-villas-and-residences,Chalet Grenier gallery,https://images.squarespace-cdn.com/content/v1/6a2ca70a5f4ef31a099c9b40/1781311257980-W73JXWFA4M329EGU00FB/Chalet-Le-Namaste-Courchevel-Consensio-Bathroom-1.jpg,Third-party agency imagery (Consensio / 'Chalet Le Namaste') — confirm licence; also name mismatch with 'Chalet Grenier' copy,NOT DOWNLOADED — CDN host blocked by session network policy; run assets/download_assets.sh
59,1781311257985-VID1NGM8L24B46P5U6RN,Chalet-Le-Namaste-Courchevel-Consensio-Entrance.jpg,059__1781311257985-VID1NGM8L24B46P5U6RN__Chalet-Le-Namaste-Courchevel-Consensio-Entrance.jpg,/hotels-villas-and-residences,Chalet Grenier gallery,https://images.squarespace-cdn.com/content/v1/6a2ca70a5f4ef31a099c9b40/1781311257985-VID1NGM8L24B46P5U6RN/Chalet-Le-Namaste-Courchevel-Consensio-Entrance.jpg,Third-party agency imagery (Consensio / 'Chalet Le Namaste') — confirm licence; also name mismatch with 'Chalet Grenier' copy,NOT DOWNLOADED — CDN host blocked by session network policy; run assets/download_assets.sh
60,1781311257990-FCYFE8T6HNT49QBKQJD4,Chalet-Le-Namaste-Courchevel-Consensio-Champagne.jpg,060__1781311257990-FCYFE8T6HNT49QBKQJD4__Chalet-Le-Namaste-Courchevel-Consensio-Champagne.jpg,/hotels-villas-and-residences,Chalet Grenier gallery,https://images.squarespace-cdn.com/content/v1/6a2ca70a5f4ef31a099c9b40/1781311257990-FCYFE8T6HNT49QBKQJD4/Chalet-Le-Namaste-Courchevel-Consensio-Champagne.jpg,Third-party agency imagery (Consensio / 'Chalet Le Namaste') — confirm licence; also name mismatch with 'Chalet Grenier' copy,NOT DOWNLOADED — CDN host blocked by session network policy; run assets/download_assets.sh
61,1781311257995-F6708XYTKI9B5VJBHTDI,Chalet-Le-Namaste-Courchevel-Consensio-Bathroom-1.jpg,061__1781311257995-F6708XYTKI9B5VJBHTDI__Chalet-Le-Namaste-Courchevel-Consensio-Bathroom-1.jpg,/hotels-villas-and-residences,Chalet Grenier gallery,https://images.squarespace-cdn.com/content/v1/6a2ca70a5f4ef31a099c9b40/1781311257995-F6708XYTKI9B5VJBHTDI/Chalet-Le-Namaste-Courchevel-Consensio-Bathroom-1.jpg,Third-party agency imagery (Consensio / 'Chalet Le Namaste') — confirm licence; also name mismatch with 'Chalet Grenier' copy,NOT DOWNLOADED — CDN host blocked by session network policy; run assets/download_assets.sh
62,1781311258000-XC005W7YM4AEC66FHZYX,Chalet-Le-Namaste-Courchevel-Consensio-Bathroom-Bedroom-1.jpg,062__1781311258000-XC005W7YM4AEC66FHZYX__Chalet-Le-Namaste-Courchevel-Consensio-Bathroom-Bedroom-1.jpg,/hotels-villas-and-residences,Chalet Grenier gallery,https://images.squarespace-cdn.com/content/v1/6a2ca70a5f4ef31a099c9b40/1781311258000-XC005W7YM4AEC66FHZYX/Chalet-Le-Namaste-Courchevel-Consensio-Bathroom-Bedroom-1.jpg,Third-party agency imagery (Consensio / 'Chalet Le Namaste') — confirm licence; also name mismatch with 'Chalet Grenier' copy,NOT DOWNLOADED — CDN host blocked by session network policy; run assets/download_assets.sh
63,1781311258006-46GK7REBRHPC3ETBHH6Q,Chalet-Le-Namaste-Courchevel-Consensio-Bedroom-3.jpg,063__1781311258006-46GK7REBRHPC3ETBHH6Q__Chalet-Le-Namaste-Courchevel-Consensio-Bedroom-3.jpg,/hotels-villas-and-residences,Chalet Grenier gallery,https://images.squarespace-cdn.com/content/v1/6a2ca70a5f4ef31a099c9b40/1781311258006-46GK7REBRHPC3ETBHH6Q/Chalet-Le-Namaste-Courchevel-Consensio-Bedroom-3.jpg,Third-party agency imagery (Consensio / 'Chalet Le Namaste') — confirm licence; also name mismatch with 'Chalet Grenier' copy,NOT DOWNLOADED — CDN host blocked by session network policy; run assets/download_assets.sh
64,1781311258011-GF23JONSZY7V0PU8ZTBN,Chalet-Le-Namaste-Courchevel-Consensio-Bedroom-4.jpg,064__1781311258011-GF23JONSZY7V0PU8ZTBN__Chalet-Le-Namaste-Courchevel-Consensio-Bedroom-4.jpg,/hotels-villas-and-residences,Chalet Grenier gallery,https://images.squarespace-cdn.com/content/v1/6a2ca70a5f4ef31a099c9b40/1781311258011-GF23JONSZY7V0PU8ZTBN/Chalet-Le-Namaste-Courchevel-Consensio-Bedroom-4.jpg,Third-party agency imagery (Consensio / 'Chalet Le Namaste') — confirm licence; also name mismatch with 'Chalet Grenier' copy,NOT DOWNLOADED — CDN host blocked by session network policy; run assets/download_assets.sh
65,1781311258018-W210C65CH5D2J29KWI9N,Chalet-Le-Namaste-Courchevel-Consensio-Bedroom-5.jpg,065__1781311258018-W210C65CH5D2J29KWI9N__Chalet-Le-Namaste-Courchevel-Consensio-Bedroom-5.jpg,/hotels-villas-and-residences,Chalet Grenier gallery,https://images.squarespace-cdn.com/content/v1/6a2ca70a5f4ef31a099c9b40/1781311258018-W210C65CH5D2J29KWI9N/Chalet-Le-Namaste-Courchevel-Consensio-Bedroom-5.jpg,Third-party agency imagery (Consensio / 'Chalet Le Namaste') — confirm licence; also name mismatch with 'Chalet Grenier' copy,NOT DOWNLOADED — CDN host blocked by session network policy; run assets/download_assets.sh
66,1781311258024-SPKKECIKLW0U8F8F9EHI,72.jpg,066__1781311258024-SPKKECIKLW0U8F8F9EHI__72.jpg,/hotels-villas-and-residences,Mykonos feature,https://images.squarespace-cdn.com/content/v1/6a2ca70a5f4ef31a099c9b40/1781311258024-SPKKECIKLW0U8F8F9EHI/72.jpg,Presumed NOYA-owned / supplied — confirm,NOT DOWNLOADED — CDN host blocked by session network policy; run assets/download_assets.sh
67,1781311258036-5E1MMO79HJ6EIHOWZSVF,70.jpg,067__1781311258036-5E1MMO79HJ6EIHOWZSVF__70.jpg,/hotels-villas-and-residences,Mykonos feature,https://images.squarespace-cdn.com/content/v1/6a2ca70a5f4ef31a099c9b40/1781311258036-5E1MMO79HJ6EIHOWZSVF/70.jpg,Presumed NOYA-owned / supplied — confirm,NOT DOWNLOADED — CDN host blocked by session network policy; run assets/download_assets.sh
68,1781311258042-8RQCZDS9KWHJGDKRMBNR,102.jpg,068__1781311258042-8RQCZDS9KWHJGDKRMBNR__102.jpg,/hotels-villas-and-residences,Mykonos gallery,https://images.squarespace-cdn.com/content/v1/6a2ca70a5f4ef31a099c9b40/1781311258042-8RQCZDS9KWHJGDKRMBNR/102.jpg,Presumed NOYA-owned / supplied — confirm,NOT DOWNLOADED — CDN host blocked by session network policy; run assets/download_assets.sh
69,1781311258048-LVO51US5AGVR6PYSBEBT,67.jpg,069__1781311258048-LVO51US5AGVR6PYSBEBT__67.jpg,/hotels-villas-and-residences,Mykonos gallery,https://images.squarespace-cdn.com/content/v1/6a2ca70a5f4ef31a099c9b40/1781311258048-LVO51US5AGVR6PYSBEBT/67.jpg,Presumed NOYA-owned / supplied — confirm,NOT DOWNLOADED — CDN host blocked by session network policy; run assets/download_assets.sh
70,1781311258054-LULI1QQNFSDH587DFTLE,75.jpg,070__1781311258054-LULI1QQNFSDH587DFTLE__75.jpg,/hotels-villas-and-residences,Mykonos gallery,https://images.squarespace-cdn.com/content/v1/6a2ca70a5f4ef31a099c9b40/1781311258054-LULI1QQNFSDH587DFTLE/75.jpg,Presumed NOYA-owned / supplied — confirm,NOT DOWNLOADED — CDN host blocked by session network policy; run assets/download_assets.sh
71,1781311258059-QOKQD1OKTWFP7KRIDOJF,71.jpg,071__1781311258059-QOKQD1OKTWFP7KRIDOJF__71.jpg,/hotels-villas-and-residences,Mykonos gallery,https://images.squarespace-cdn.com/content/v1/6a2ca70a5f4ef31a099c9b40/1781311258059-QOKQD1OKTWFP7KRIDOJF/71.jpg,Presumed NOYA-owned / supplied — confirm,NOT DOWNLOADED — CDN host blocked by session network policy; run assets/download_assets.sh
72,1781311258065-FGXEFRB1HZ8YNMW0792H,62.jpg,072__1781311258065-FGXEFRB1HZ8YNMW0792H__62.jpg,/hotels-villas-and-residences,Mykonos gallery,https://images.squarespace-cdn.com/content/v1/6a2ca70a5f4ef31a099c9b40/1781311258065-FGXEFRB1HZ8YNMW0792H/62.jpg,Presumed NOYA-owned / supplied — confirm,NOT DOWNLOADED — CDN host blocked by session network policy; run assets/download_assets.sh
73,1781311258070-U230DN77HHR4GMS7JFGG,76.jpg,073__1781311258070-U230DN77HHR4GMS7JFGG__76.jpg,/hotels-villas-and-residences,Mykonos gallery,https://images.squarespace-cdn.com/content/v1/6a2ca70a5f4ef31a099c9b40/1781311258070-U230DN77HHR4GMS7JFGG/76.jpg,Presumed NOYA-owned / supplied — confirm,NOT DOWNLOADED — CDN host blocked by session network policy; run assets/download_assets.sh
74,1781311258075-3MRPM5TNVNGO0ZDLJQIP,93.jpg,074__1781311258075-3MRPM5TNVNGO0ZDLJQIP__93.jpg,/hotels-villas-and-residences,Mykonos gallery,https://images.squarespace-cdn.com/content/v1/6a2ca70a5f4ef31a099c9b40/1781311258075-3MRPM5TNVNGO0ZDLJQIP/93.jpg,Presumed NOYA-owned / supplied — confirm,NOT DOWNLOADED — CDN host blocked by session network policy; run assets/download_assets.sh
75,1781311258081-LVKQQ6IY56FI47ZWYLTJ,92.jpg,075__1781311258081-LVKQQ6IY56FI47ZWYLTJ__92.jpg,/hotels-villas-and-residences,Mykonos gallery,https://images.squarespace-cdn.com/content/v1/6a2ca70a5f4ef31a099c9b40/1781311258081-LVKQQ6IY56FI47ZWYLTJ/92.jpg,Presumed NOYA-owned / supplied — confirm,NOT DOWNLOADED — CDN host blocked by session network policy; run assets/download_assets.sh
76,1781311258087-PLRCPHX3H0XSPNIWKBGE,100.jpg,076__1781311258087-PLRCPHX3H0XSPNIWKBGE__100.jpg,/hotels-villas-and-residences,Mykonos gallery,https://images.squarespace-cdn.com/content/v1/6a2ca70a5f4ef31a099c9b40/1781311258087-PLRCPHX3H0XSPNIWKBGE/100.jpg,Presumed NOYA-owned / supplied — confirm,NOT DOWNLOADED — CDN host blocked by session network policy; run assets/download_assets.sh
77,1781311258093-KYL06WCQ35R9LG91O28E,90.jpg,077__1781311258093-KYL06WCQ35R9LG91O28E__90.jpg,/hotels-villas-and-residences,Mykonos gallery,https://images.squarespace-cdn.com/content/v1/6a2ca70a5f4ef31a099c9b40/1781311258093-KYL06WCQ35R9LG91O28E/90.jpg,Presumed NOYA-owned / supplied — confirm,NOT DOWNLOADED — CDN host blocked by session network policy; run assets/download_assets.sh
78,1781311258099-TWF30KV0B7CGT6NN71WP,97.jpg,078__1781311258099-TWF30KV0B7CGT6NN71WP__97.jpg,/hotels-villas-and-residences,Mykonos gallery,https://images.squarespace-cdn.com/content/v1/6a2ca70a5f4ef31a099c9b40/1781311258099-TWF30KV0B7CGT6NN71WP/97.jpg,Presumed NOYA-owned / supplied — confirm,NOT DOWNLOADED — CDN host blocked by session network policy; run assets/download_assets.sh
79,1781311258104-FLKI9ZM738WCW4SW8TAX,101.jpg,079__1781311258104-FLKI9ZM738WCW4SW8TAX__101.jpg,/hotels-villas-and-residences,Mykonos gallery,https://images.squarespace-cdn.com/content/v1/6a2ca70a5f4ef31a099c9b40/1781311258104-FLKI9ZM738WCW4SW8TAX/101.jpg,Presumed NOYA-owned / supplied — confirm,NOT DOWNLOADED — CDN host blocked by session network policy; run assets/download_assets.sh
80,1781311258109-5EUR5KKYZYIBVWPXTOO6,59.jpg,080__1781311258109-5EUR5KKYZYIBVWPXTOO6__59.jpg,/hotels-villas-and-residences,Mykonos gallery,https://images.squarespace-cdn.com/content/v1/6a2ca70a5f4ef31a099c9b40/1781311258109-5EUR5KKYZYIBVWPXTOO6/59.jpg,Presumed NOYA-owned / supplied — confirm,NOT DOWNLOADED — CDN host blocked by session network policy; run assets/download_assets.sh
81,1781311258116-LYKJ1PAVQ9Y312T2EQF2,Screenshot 2026-02-21 at 15.44.03.png,081__1781311258116-LYKJ1PAVQ9Y312T2EQF2__Screenshot_2026-02-21_at_15.44.03.png,/hotels-villas-and-residences,Can Cielo Ibiza feature,https://images.squarespace-cdn.com/content/v1/6a2ca70a5f4ef31a099c9b40/1781311258116-LYKJ1PAVQ9Y312T2EQF2/Screenshot+2026-02-21+at+15.44.03.png,"Screenshot upload — check source, quality and rights",NOT DOWNLOADED — CDN host blocked by session network policy; run assets/download_assets.sh
82,1781311258122-IHO8CPT8DMSIGLGO14J2,Screenshot 2026-02-21 at 15.43.23.png,082__1781311258122-IHO8CPT8DMSIGLGO14J2__Screenshot_2026-02-21_at_15.43.23.png,/hotels-villas-and-residences,Can Cielo Ibiza feature,https://images.squarespace-cdn.com/content/v1/6a2ca70a5f4ef31a099c9b40/1781311258122-IHO8CPT8DMSIGLGO14J2/Screenshot+2026-02-21+at+15.43.23.png,"Screenshot upload — check source, quality and rights",NOT DOWNLOADED — CDN host blocked by session network policy; run assets/download_assets.sh
83,1781311258128-IG5K3I5LEIQL20YNFEEM,Screenshot 2026-02-21 at 15.52.34.png,083__1781311258128-IG5K3I5LEIQL20YNFEEM__Screenshot_2026-02-21_at_15.52.34.png,/hotels-villas-and-residences,Can Cielo Ibiza feature,https://images.squarespace-cdn.com/content/v1/6a2ca70a5f4ef31a099c9b40/1781311258128-IG5K3I5LEIQL20YNFEEM/Screenshot+2026-02-21+at+15.52.34.png,"Screenshot upload — check source, quality and rights",NOT DOWNLOADED — CDN host blocked by session network policy; run assets/download_assets.sh
84,1781311258134-5I0KQV0A80ERLYAZVM4Y,Screenshot 2026-02-21 at 15.44.48.png,084__1781311258134-5I0KQV0A80ERLYAZVM4Y__Screenshot_2026-02-21_at_15.44.48.png,/hotels-villas-and-residences,Can Cielo Ibiza gallery,https://images.squarespace-cdn.com/content/v1/6a2ca70a5f4ef31a099c9b40/1781311258134-5I0KQV0A80ERLYAZVM4Y/Screenshot+2026-02-21+at+15.44.48.png,"Screenshot upload — check source, quality and rights",NOT DOWNLOADED — CDN host blocked by session network policy; run assets/download_assets.sh
85,1781311258140-PKG78KN30LDWUMU6ZUGF,Screenshot 2026-02-21 at 15.44.24.png,085__1781311258140-PKG78KN30LDWUMU6ZUGF__Screenshot_2026-02-21_at_15.44.24.png,/hotels-villas-and-residences,Can Cielo Ibiza gallery,https://images.squarespace-cdn.com/content/v1/6a2ca70a5f4ef31a099c9b40/1781311258140-PKG78KN30LDWUMU6ZUGF/Screenshot+2026-02-21+at+15.44.24.png,"Screenshot upload — check source, quality and rights",NOT DOWNLOADED — CDN host blocked by session network policy; run assets/download_assets.sh
86,1781311258145-607N4IYRN3W3GD3SJ2FF,Screenshot 2026-02-21 at 15.50.53.png,086__1781311258145-607N4IYRN3W3GD3SJ2FF__Screenshot_2026-02-21_at_15.50.53.png,/hotels-villas-and-residences,Can Cielo Ibiza gallery,https://images.squarespace-cdn.com/content/v1/6a2ca70a5f4ef31a099c9b40/1781311258145-607N4IYRN3W3GD3SJ2FF/Screenshot+2026-02-21+at+15.50.53.png,"Screenshot upload — check source, quality and rights",NOT DOWNLOADED — CDN host blocked by session network policy; run assets/download_assets.sh
87,1781311258151-8WSBKN63UHQRBYAO3BK2,Screenshot 2026-02-21 at 15.51.32.png,087__1781311258151-8WSBKN63UHQRBYAO3BK2__Screenshot_2026-02-21_at_15.51.32.png,/hotels-villas-and-residences,Can Cielo Ibiza gallery,https://images.squarespace-cdn.com/content/v1/6a2ca70a5f4ef31a099c9b40/1781311258151-8WSBKN63UHQRBYAO3BK2/Screenshot+2026-02-21+at+15.51.32.png,"Screenshot upload — check source, quality and rights",NOT DOWNLOADED — CDN host blocked by session network policy; run assets/download_assets.sh
88,1781311258157-UIFH958EFI4GGNFAY6ID,Screenshot 2026-02-21 at 15.50.16.png,088__1781311258157-UIFH958EFI4GGNFAY6ID__Screenshot_2026-02-21_at_15.50.16.png,/hotels-villas-and-residences,Can Cielo Ibiza gallery,https://images.squarespace-cdn.com/content/v1/6a2ca70a5f4ef31a099c9b40/1781311258157-UIFH958EFI4GGNFAY6ID/Screenshot+2026-02-21+at+15.50.16.png,"Screenshot upload — check source, quality and rights",NOT DOWNLOADED — CDN host blocked by session network policy; run assets/download_assets.sh
89,1781311258162-ZB7K5D7JZ52U6ODAKNLM,Screenshot 2026-02-21 at 15.44.38.png,089__1781311258162-ZB7K5D7JZ52U6ODAKNLM__Screenshot_2026-02-21_at_15.44.38.png,/hotels-villas-and-residences,Can Cielo Ibiza gallery,https://images.squarespace-cdn.com/content/v1/6a2ca70a5f4ef31a099c9b40/1781311258162-ZB7K5D7JZ52U6ODAKNLM/Screenshot+2026-02-21+at+15.44.38.png,"Screenshot upload — check source, quality and rights",NOT DOWNLOADED — CDN host blocked by session network policy; run assets/download_assets.sh
90,1781311258168-W8L70B8465DHY9FCO7H4,Screenshot 2026-02-21 at 15.50.26.png,090__1781311258168-W8L70B8465DHY9FCO7H4__Screenshot_2026-02-21_at_15.50.26.png,/hotels-villas-and-residences,Can Cielo Ibiza gallery,https://images.squarespace-cdn.com/content/v1/6a2ca70a5f4ef31a099c9b40/1781311258168-W8L70B8465DHY9FCO7H4/Screenshot+2026-02-21+at+15.50.26.png,"Screenshot upload — check source, quality and rights",NOT DOWNLOADED — CDN host blocked by session network policy; run assets/download_assets.sh
91,1781311258173-I7NI7MEDXSGRQ2EA35PO,Screenshot 2026-02-21 at 15.52.08.png,091__1781311258173-I7NI7MEDXSGRQ2EA35PO__Screenshot_2026-02-21_at_15.52.08.png,/hotels-villas-and-residences,Can Cielo Ibiza gallery,https://images.squarespace-cdn.com/content/v1/6a2ca70a5f4ef31a099c9b40/1781311258173-I7NI7MEDXSGRQ2EA35PO/Screenshot+2026-02-21+at+15.52.08.png,"Screenshot upload — check source, quality and rights",NOT DOWNLOADED — CDN host blocked by session network policy; run assets/download_assets.sh
92,1781311245315-S1ZRQH3WTHI7IA1VJDF4,Screenshot 2026-02-08 at 22.49.18.png,092__1781311245315-S1ZRQH3WTHI7IA1VJDF4__Screenshot_2026-02-08_at_22.49.18.png,/lifestyle-services,hero,https://images.squarespace-cdn.com/content/v1/6a2ca70a5f4ef31a099c9b40/1781311245315-S1ZRQH3WTHI7IA1VJDF4/Screenshot+2026-02-08+at+22.49.18.png,"Screenshot upload — check source, quality and rights",NOT DOWNLOADED — CDN host blocked by session network policy; run assets/download_assets.sh
93,1781311245326-O0QBFX5KZFXGSLBFTP7B,carbone.jpg,093__1781311245326-O0QBFX5KZFXGSLBFTP7B__carbone.jpg,/lifestyle-services,card: Fine dining,https://images.squarespace-cdn.com/content/v1/6a2ca70a5f4ef31a099c9b40/1781311245326-O0QBFX5KZFXGSLBFTP7B/carbone.jpg,Likely third-party (restaurant/press) imagery — confirm licence,NOT DOWNLOADED — CDN host blocked by session network policy; run assets/download_assets.sh
94,1781311245332-77LJ1U026VIKNGEQYH19,hero-concierge.jpg.webp,094__1781311245332-77LJ1U026VIKNGEQYH19__hero-concierge.jpg.webp,/lifestyle-services,card: Gifting and sourcing,https://images.squarespace-cdn.com/content/v1/6a2ca70a5f4ef31a099c9b40/1781311245332-77LJ1U026VIKNGEQYH19/hero-concierge.jpg.webp,Likely third-party (restaurant/press) imagery — confirm licence,NOT DOWNLOADED — CDN host blocked by session network policy; run assets/download_assets.sh
95,1781311245340-7MF47QVHBJ8L4JDCBBT0,Tables-Girafe-250610-003.jpg,095__1781311245340-7MF47QVHBJ8L4JDCBBT0__Tables-Girafe-250610-003.jpg,/lifestyle-services,Fine dining feature 1,https://images.squarespace-cdn.com/content/v1/6a2ca70a5f4ef31a099c9b40/1781311245340-7MF47QVHBJ8L4JDCBBT0/Tables-Girafe-250610-003.jpg,Likely third-party (restaurant/press) imagery — confirm licence,NOT DOWNLOADED — CDN host blocked by session network policy; run assets/download_assets.sh
96,1781311245346-38CYM2PC57ZV3HHCEM3T,1.jpg,096__1781311245346-38CYM2PC57ZV3HHCEM3T__1.jpg,/lifestyle-services,Fine dining feature 2,https://images.squarespace-cdn.com/content/v1/6a2ca70a5f4ef31a099c9b40/1781311245346-38CYM2PC57ZV3HHCEM3T/1.jpg,Presumed NOYA-owned / supplied — confirm,NOT DOWNLOADED — CDN host blocked by session network policy; run assets/download_assets.sh
97,1781311245351-0WCJXZCOS9HE47YNF40E,DSC_2941-CHEF-IN-KITCHEN.jpg,097__1781311245351-0WCJXZCOS9HE47YNF40E__DSC_2941-CHEF-IN-KITCHEN.jpg,/lifestyle-services,Fine dining feature 3,https://images.squarespace-cdn.com/content/v1/6a2ca70a5f4ef31a099c9b40/1781311245351-0WCJXZCOS9HE47YNF40E/DSC_2941-CHEF-IN-KITCHEN.jpg,Presumed NOYA-owned / supplied — confirm,NOT DOWNLOADED — CDN host blocked by session network policy; run assets/download_assets.sh
98,1781311245357-8AXIRXYSZQ6STQFU36I5,IMG_1913.png,098__1781311245357-8AXIRXYSZQ6STQFU36I5__IMG_1913.png,/lifestyle-services,Gifting feature 1,https://images.squarespace-cdn.com/content/v1/6a2ca70a5f4ef31a099c9b40/1781311245357-8AXIRXYSZQ6STQFU36I5/IMG_1913.png,Presumed NOYA-owned / supplied — confirm,NOT DOWNLOADED — CDN host blocked by session network policy; run assets/download_assets.sh
99,1781311245364-5JFTG2B49Z5B2WD085PE,Screenshot 2026-02-12 at 16.04.56.png,099__1781311245364-5JFTG2B49Z5B2WD085PE__Screenshot_2026-02-12_at_16.04.56.png,/lifestyle-services,Gifting feature 2,https://images.squarespace-cdn.com/content/v1/6a2ca70a5f4ef31a099c9b40/1781311245364-5JFTG2B49Z5B2WD085PE/Screenshot+2026-02-12+at+16.04.56.png,"Screenshot upload — check source, quality and rights",NOT DOWNLOADED — CDN host blocked by session network policy; run assets/download_assets.sh
100,1781311245370-0B45UAJ41OXDW8024IVM,Screenshot 2026-02-12 at 16.09.22.png,100__1781311245370-0B45UAJ41OXDW8024IVM__Screenshot_2026-02-12_at_16.09.22.png,/lifestyle-services,Gifting feature 3,https://images.squarespace-cdn.com/content/v1/6a2ca70a5f4ef31a099c9b40/1781311245370-0B45UAJ41OXDW8024IVM/Screenshot+2026-02-12+at+16.09.22.png,"Screenshot upload — check source, quality and rights",NOT DOWNLOADED — CDN host blocked by session network policy; run assets/download_assets.sh
101,1790534446928-BOXD416MEV0JDASAI8SK,unsplash-image-r1o0YEBIiEo.jpg,101__1790534446928-BOXD416MEV0JDASAI8SK__unsplash-image-r1o0YEBIiEo.jpg,/yacht-charter-private-aviation,hero,https://images.squarespace-cdn.com/content/v1/6a2ca70a5f4ef31a099c9b40/1790534446928-BOXD416MEV0JDASAI8SK/unsplash-image-r1o0YEBIiEo.jpg,"Unsplash stock (Unsplash licence — usable, not exclusive)",NOT DOWNLOADED — CDN host blocked by session network policy; run assets/download_assets.sh
102,1790534312523-0BNVKMD7HUMX3IE0FS6Y,unsplash-image-bt-AYttMuww.jpg,102__1790534312523-0BNVKMD7HUMX3IE0FS6Y__unsplash-image-bt-AYttMuww.jpg,/yacht-charter-private-aviation,card: Yacht Charter,https://images.squarespace-cdn.com/content/v1/6a2ca70a5f4ef31a099c9b40/1790534312523-0BNVKMD7HUMX3IE0FS6Y/unsplash-image-bt-AYttMuww.jpg,"Unsplash stock (Unsplash licence — usable, not exclusive)",NOT DOWNLOADED — CDN host blocked by session network policy; run assets/download_assets.sh
103,1790534388906-MHESF5AOQ9FLHDR34Z9J,unsplash-image-lU1pEjWZzXg.jpg,103__1790534388906-MHESF5AOQ9FLHDR34Z9J__unsplash-image-lU1pEjWZzXg.jpg,/yacht-charter-private-aviation,card: Private Aviation,https://images.squarespace-cdn.com/content/v1/6a2ca70a5f4ef31a099c9b40/1790534388906-MHESF5AOQ9FLHDR34Z9J/unsplash-image-lU1pEjWZzXg.jpg,"Unsplash stock (Unsplash licence — usable, not exclusive)",NOT DOWNLOADED — CDN host blocked by session network policy; run assets/download_assets.sh
104,1781311248210-GARSNBUU6PM608CTK1DQ,Screenshot 2026-02-06 at 19.46.14.png,104__1781311248210-GARSNBUU6PM608CTK1DQ__Screenshot_2026-02-06_at_19.46.14.png,/exclusive-access,hero,https://images.squarespace-cdn.com/content/v1/6a2ca70a5f4ef31a099c9b40/1781311248210-GARSNBUU6PM608CTK1DQ/Screenshot+2026-02-06+at+19.46.14.png,"Screenshot upload — check source, quality and rights",NOT DOWNLOADED — CDN host blocked by session network policy; run assets/download_assets.sh
105,1781311248220-BAQI6DBEKBNJWXA5A1YR,Edge-42.jpg,105__1781311248220-BAQI6DBEKBNJWXA5A1YR__Edge-42.jpg,/exclusive-access | /corporate-concierge,card: Attend member events | hero (same as Exclusive Access card),https://images.squarespace-cdn.com/content/v1/6a2ca70a5f4ef31a099c9b40/1781311248220-BAQI6DBEKBNJWXA5A1YR/Edge-42.jpg,Presumed NOYA-owned / supplied — confirm,NOT DOWNLOADED — CDN host blocked by session network policy; run assets/download_assets.sh
106,1781311248225-X27PY3QU21OS1FR9LMFQ,F1-2026-31.webp,106__1781311248225-X27PY3QU21OS1FR9LMFQ__F1-2026-31.webp,/exclusive-access,card: Unlock unrivalled access,https://images.squarespace-cdn.com/content/v1/6a2ca70a5f4ef31a099c9b40/1781311248225-X27PY3QU21OS1FR9LMFQ/F1-2026-31.webp,Likely Formula 1 / F1 Experiences imagery — confirm licence,NOT DOWNLOADED — CDN host blocked by session network policy; run assets/download_assets.sh
107,1790534661377-8O844IW8KUW2HGQQVHJS,unsplash-image-gUtBDHvG_Pk.jpg,107__1790534661377-8O844IW8KUW2HGQQVHJS__unsplash-image-gUtBDHvG_Pk.jpg,/exclusive-access,F1 banner,https://images.squarespace-cdn.com/content/v1/6a2ca70a5f4ef31a099c9b40/1790534661377-8O844IW8KUW2HGQQVHJS/unsplash-image-gUtBDHvG_Pk.jpg,"Unsplash stock (Unsplash licence — usable, not exclusive)",NOT DOWNLOADED — CDN host blocked by session network policy; run assets/download_assets.sh
108,1790534585126-D4KS9REVNBBZJL6IVAU2,unsplash-image-JlY4UTcbUqw.jpg,108__1790534585126-D4KS9REVNBBZJL6IVAU2__unsplash-image-JlY4UTcbUqw.jpg,/exclusive-access,F1 feature 1,https://images.squarespace-cdn.com/content/v1/6a2ca70a5f4ef31a099c9b40/1790534585126-D4KS9REVNBBZJL6IVAU2/unsplash-image-JlY4UTcbUqw.jpg,"Unsplash stock (Unsplash licence — usable, not exclusive)",NOT DOWNLOADED — CDN host blocked by session network policy; run assets/download_assets.sh
109,1781311248237-GKU4XTTR8J2HJ5RBLLJB,31436-F1-Experiences-2018-Monaco-Paddock_Club-019-1-97068cea61a7b7b62cd1338b0f29e1da.jpg,109__1781311248237-GKU4XTTR8J2HJ5RBLLJB__31436-F1-Experiences-2018-Monaco-Paddock_Club-019-1-97068cea61a7b7b62cd1338b0f29e1da.jpg,/exclusive-access,F1 feature 2,https://images.squarespace-cdn.com/content/v1/6a2ca70a5f4ef31a099c9b40/1781311248237-GKU4XTTR8J2HJ5RBLLJB/31436-F1-Experiences-2018-Monaco-Paddock_Club-019-1-97068cea61a7b7b62cd1338b0f29e1da.jpg,Likely Formula 1 / F1 Experiences imagery — confirm licence,NOT DOWNLOADED — CDN host blocked by session network policy; run assets/download_assets.sh
110,1781311248243-04EPLEO3079QX0CKG64Z,0x0.jpg.webp,110__1781311248243-04EPLEO3079QX0CKG64Z__0x0.jpg.webp,/exclusive-access,Wimbledon 1,https://images.squarespace-cdn.com/content/v1/6a2ca70a5f4ef31a099c9b40/1781311248243-04EPLEO3079QX0CKG64Z/0x0.jpg.webp,Likely third-party event/Wimbledon imagery — confirm licence,NOT DOWNLOADED — CDN host blocked by session network policy; run assets/download_assets.sh
111,1781311248248-8WXNXPAW8SREH2SOAWXO,Skyview2 - 600x340.jpg,111__1781311248248-8WXNXPAW8SREH2SOAWXO__Skyview2_-_600x340.jpg,/exclusive-access,Wimbledon 2,https://images.squarespace-cdn.com/content/v1/6a2ca70a5f4ef31a099c9b40/1781311248248-8WXNXPAW8SREH2SOAWXO/Skyview2+-+600x340.jpg,Likely third-party event/Wimbledon imagery — confirm licence,NOT DOWNLOADED — CDN host blocked by session network policy; run assets/download_assets.sh
112,1781311248255-EEUPOHLDA0P95AUXPHGD,b_celebrations_6701_12072019_tl.jpg,112__1781311248255-EEUPOHLDA0P95AUXPHGD__b_celebrations_6701_12072019_tl.jpg,/exclusive-access,Wimbledon 3,https://images.squarespace-cdn.com/content/v1/6a2ca70a5f4ef31a099c9b40/1781311248255-EEUPOHLDA0P95AUXPHGD/b_celebrations_6701_12072019_tl.jpg,Likely third-party event/Wimbledon imagery — confirm licence,NOT DOWNLOADED — CDN host blocked by session network policy; run assets/download_assets.sh
113,1790534994622-KCQZT1K9NB3XRA58FZGL,unsplash-image-KzXSDdRHA3g.jpg,113__1790534994622-KCQZT1K9NB3XRA58FZGL__unsplash-image-KzXSDdRHA3g.jpg,/exclusive-access,Paris Fashion Week 1,https://images.squarespace-cdn.com/content/v1/6a2ca70a5f4ef31a099c9b40/1790534994622-KCQZT1K9NB3XRA58FZGL/unsplash-image-KzXSDdRHA3g.jpg,"Unsplash stock (Unsplash licence — usable, not exclusive)",NOT DOWNLOADED — CDN host blocked by session network policy; run assets/download_assets.sh
114,1781311248264-P7XS6W1E8EPW3HSTM6KE,63e1896b69365c7816d0883a_tour-eiffel-podium-paris-fashion-week-chauffeur-driven-car-hires-dbsexperience.jpg,114__1781311248264-P7XS6W1E8EPW3HSTM6KE__63e1896b69365c7816d0883a_tour-eiffel-podium-paris-fashion-week-chauffeur-driven-car-hires-dbsexperience.jpg,/exclusive-access,Paris Fashion Week 2,https://images.squarespace-cdn.com/content/v1/6a2ca70a5f4ef31a099c9b40/1781311248264-P7XS6W1E8EPW3HSTM6KE/63e1896b69365c7816d0883a_tour-eiffel-podium-paris-fashion-week-chauffeur-driven-car-hires-dbsexperience.jpg,Third-party image (dbsexperience) — confirm licence,NOT DOWNLOADED — CDN host blocked by session network policy; run assets/download_assets.sh
115,1790534934436-W05WW1QCXMUAEO9FYVVU,unsplash-image-7DUSkuGgLyM.jpg,115__1790534934436-W05WW1QCXMUAEO9FYVVU__unsplash-image-7DUSkuGgLyM.jpg,/exclusive-access,Paris Fashion Week 3,https://images.squarespace-cdn.com/content/v1/6a2ca70a5f4ef31a099c9b40/1790534934436-W05WW1QCXMUAEO9FYVVU/unsplash-image-7DUSkuGgLyM.jpg,"Unsplash stock (Unsplash licence — usable, not exclusive)",NOT DOWNLOADED — CDN host blocked by session network policy; run assets/download_assets.sh
116,1790535245820-2169VRTR8RR20ID1QV39,unsplash-image-WuD-H9IQnfg.jpg,116__1790535245820-2169VRTR8RR20ID1QV39__unsplash-image-WuD-H9IQnfg.jpg,/corporate-concierge,card: Corporate Concierge,https://images.squarespace-cdn.com/content/v1/6a2ca70a5f4ef31a099c9b40/1790535245820-2169VRTR8RR20ID1QV39/unsplash-image-WuD-H9IQnfg.jpg,"Unsplash stock (Unsplash licence — usable, not exclusive)",NOT DOWNLOADED — CDN host blocked by session network policy; run assets/download_assets.sh
117,1781311247353-TAMA7Y4LOABRDJEWNFLB,Screenshot 2026-03-01 at 00.20.20.png,117__1781311247353-TAMA7Y4LOABRDJEWNFLB__Screenshot_2026-03-01_at_00.20.20.png,/corporate-concierge,card: Private Brand Events,https://images.squarespace-cdn.com/content/v1/6a2ca70a5f4ef31a099c9b40/1781311247353-TAMA7Y4LOABRDJEWNFLB/Screenshot+2026-03-01+at+00.20.20.png,"Screenshot upload — check source, quality and rights",NOT DOWNLOADED — CDN host blocked by session network policy; run assets/download_assets.sh
118,1781311247359-WW3M9K6V4JYX7OEFU274,Edge-3.jpg,118__1781311247359-WW3M9K6V4JYX7OEFU274__Edge-3.jpg,/corporate-concierge,card: Brand Shoots & Production,https://images.squarespace-cdn.com/content/v1/6a2ca70a5f4ef31a099c9b40/1781311247359-WW3M9K6V4JYX7OEFU274/Edge-3.jpg,Presumed NOYA-owned / supplied — confirm,NOT DOWNLOADED — CDN host blocked by session network policy; run assets/download_assets.sh
119,5411f6ae-e7ef-4196-9b1d-5eff01da0b7c,12.png,119__5411f6ae-e7ef-4196-9b1d-5eff01da0b7c__12.png,/about,feature image (two guests in NOYA robes),https://images.squarespace-cdn.com/content/v1/6a2ca70a5f4ef31a099c9b40/5411f6ae-e7ef-4196-9b1d-5eff01da0b7c/12.png,Presumed NOYA-owned / supplied — confirm,NOT DOWNLOADED — CDN host blocked by session network policy; run assets/download_assets.sh
120,1781311243362-Z2XX7T2FZGA4AKZ9PWEV,Corporate .jpg,120__1781311243362-Z2XX7T2FZGA4AKZ9PWEV__Corporate_.jpg,/about,"sitemap-only (listed in sitemap for /about, not rendered)",https://images.squarespace-cdn.com/content/v1/6a2ca70a5f4ef31a099c9b40/1781311243362-Z2XX7T2FZGA4AKZ9PWEV/Corporate+.jpg,Presumed NOYA-owned / supplied — confirm,NOT DOWNLOADED — CDN host blocked by session network policy; run assets/download_assets.sh
